func_num,bound_mul,mean,stddev
3,1,6.67216,1.8861
3,2,2.9423,0.0529595
3,3,2.89136,0.00846956
3,4,2.89256,0.00984937
3,5,2.90935,0.035254
3,6,2.86938,0.0100022
3,7,2.878,0.019243
3,8,2.88295,0.0103433
3,9,2.88911,0.0175928
3,10,2.87754,0.00822457
4,1,2.68566,0.0162709
4,2,2.68867,0.0135275
4,3,2.67755,0.00633684
4,4,2.67851,0.00671768
4,5,2.67755,0.00890246
4,6,2.6794,0.00797972
4,7,2.68103,0.0145091
4,8,2.67792,0.00583736
4,9,2.6827,0.00952223
4,10,2.69846,0.0346252
