func_num,bound_mul,mean,stddev
3,1,6.60139,1.83455
3,2,2.88118,0.0209642
3,3,2.8872,0.0124698
3,4,2.88866,0.0119886
3,5,2.90665,0.0356324
3,6,2.88303,0.0116878
3,7,2.87947,0.00818372
3,8,2.87016,0.00379231
3,9,2.90184,0.0669888
3,10,2.87588,0.00500699
4,1,2.67642,0.00402951
4,2,2.69039,0.00990496
4,3,2.67573,0.00878114
4,4,2.68884,0.0139162
4,5,2.67474,0.010196
4,6,2.67695,0.0191918
4,7,2.6739,0.00966109
4,8,2.66825,0.00535573
4,9,2.6797,0.0280185
4,10,2.69557,0.027534
